"Категория";"URL категории";"Товар";"Вариант";"Описание";"Цена";"URL";"Изображение";"Артикул";"Количество";"Активность";"Заголовок [SEO]";"Ключевые слова [SEO]";"Описание [SEO]";"Старая цена";"Рекомендуемый";"Новый";"Сортировка";"Вес";"Связанные артикулы";"Смежные категории";"Ссылка на товар";"Валюта";"Свойства";"id";
"Катушки/Безынерционные";"bobbins/instantaneous";"Катушка Teben TNR300";;"<p>	Безынерционная спиннинговая катушка Teben с алюминиевой шпулей и задним фрикционом. Корпус катушки выполнен из легкого, устойчивого ко внешним воздействиям ударопрочного графитового полимера с напылением из титана. Мощный привод, оборудованный для высокого сопротивления. Все внутренние силовые агрегаты катушки выполнены из металла, а бронзовые шестерни трансмиссии придают надежность внутреннему механизму. Переставляющая вправо/влево алюминиевая силовая CNC ручка. Катушка оснащена системами антизакручивания лески и оптимизирована для точных и далеких забросов. Прекрасно подойдёт для спиннинговой ловли.</p><p>	<strong>Производитель</strong>: Teben<br />	<strong>Подшипники</strong>: 9+1<br />	<strong>Передаточное число</strong>: 5,1:1<br />	Антивибрационная система<br />	Облегченная алюминиевая Long Cast шпуля;<br />	Запасная графитовая шпуля</p>";"970";"katushka-teben-tnr300";"no-img.jpg";"CN54";"-1";"1";"Купить Катушка Teben TNR300 у нас в интернет-магазине YURAN по низкой цене и доставкой в любые регионы";"Катушка Teben TNR300 купить, CN54, Катушка, Teben, TNR300";"Безынерционная спиннинговая катушка Teben с алюминиевой шпулей и задним фрикционом. Корпус катушки выполнен из легкого, устойчивого ко внешним воздействиям ударопрочного графитового полимера с напылением из титана";;"0";"0";"56";0,311;"";2;;RUR;"Фрикцион=[type=assortmentCheckBox value=Задний product_margin=Задний|Передний]";54;
"Катушки/Безынерционные";"bobbins/instantaneous";"Катушка Teben TNR200";;"<p>	Безынерционная спиннинговая катушка Teben с алюминиевой шпулей и задним фрикционом. Корпус катушки выполнен из легкого, устойчивого ко внешним воздействиям ударопрочного графитового полимера с напылением из титана. Мощный привод, оборудованный для высокого сопротивления. Все внутренние силовые агрегаты катушки выполнены из металла, а бронзовые шестерни трансмиссии придают надежность внутреннему механизму. Переставляющая вправо/влево алюминиевая силовая CNC ручка. Катушка оснащена системами антизакручивания лески и оптимизирована для точных и далеких забросов. Прекрасно подойдёт для спиннинговой ловли.</p><p>	<strong>Производитель</strong>: Teben<br />	<strong>Подшипники</strong>: 9+1<br />	<strong>Передаточное число</strong>: 5,1:1<br />	Антивибрационная система<br />	Облегченная алюминиевая Long Cast шпуля;<br />	Запасная графитовая шпуля<br />	Дутая дужка<br />	Быстро складываемая ручка</p>";"950";"katushka-teben-tnr200";"no-img.jpg";"CN52";"-1";"1";"Купить Катушка Teben TNR200 у нас в интернет-магазине YURAN по низкой цене и доставкой в любые регионы";"Катушка Teben TNR200 купить, CN52, Катушка, Teben, TNR200";"Безынерционная спиннинговая катушка Teben с алюминиевой шпулей и задним фрикционом. Корпус катушки выполнен из легкого, устойчивого ко внешним воздействиям ударопрочного графитового полимера с напылением из титана";;"0";"0";"55";0;"";2;;RUR;"Фрикцион=[type=assortmentCheckBox value=Задний product_margin=Задний|Передний]";52;
"Катушки/Безынерционные";"bobbins/instantaneous";"Катушка Globe CT200A 1BB";;"<strong>Производитель</strong>: Globe<br /><strong>Подшипников</strong>: 1<br /><strong>Фрикцион</strong>: передний<br /><strong>Передаточное число</strong>: 5.5<br /><strong>Размер шпули</strong>: 2000<br /><strong>Материал основной шпули</strong>: алюминий";"270";"katushka-globe-ct200a-1bb";"no-img.jpg";"CN51";"-1";"1";"Купить Катушка Globe CT200A 1BB у нас в интернет-магазине YURAN по низкой цене и доставкой в любые регионы";"Катушка Globe CT200A 1BB купить, CN51, Катушка, Globe, CT200A, 1BB";"Производитель: Globe Подшипников: 1 Фрикцион: передний Передаточное число: 5.5Размер шпули: 2000 Материал основной шпули: алюминий";;"0";"1";"54";0,175;"";2;;RUR;"Фрикцион=[type=assortmentCheckBox value=Передний product_margin=Задний|Передний]";51;
"Катушки/Безынерционные";"bobbins/instantaneous";"Катушка Globe CT200 3BB";;"<strong>Производитель</strong>: Globe<br /><strong>Подшипников</strong>: 3<br /><strong>Фрикцион</strong>: передний<br /><strong>Передаточное число</strong>: 5.5<br /><strong>Размер шпули</strong>: 2000<br /><strong>Материал катушки</strong>: графит<br /><strong>Материал основной шпули</strong>: пластик";"200";"katushka-globe-ct200-3bb";"no-img.jpg";"CN50";"-1";"1";"Купить Катушка Globe CT200 3BB у нас в интернет-магазине YURAN по низкой цене и доставкой в любые регионы";"Катушка Globe CT200 3BB купить, CN50, Катушка, Globe, CT200, 3BB";"Тип: безынерционная; Подшипников: 3; Фрикцион: передний; Передаточное число: 5.5; Размер шпули: 2000; Материал катушки: графит; Материал основной шпули: пластик; Вес: 145;";;"0";"0";"53";0,145;"";2;;RUR;"Фрикцион=[type=assortmentCheckBox value=Передний product_margin=Задний|Передний]";50;
"Катушки/Безынерционные";"bobbins/instantaneous";"Катушка Teben Carp Pro COR 600";;"<p>	<strong>Катушка Teben Carp Pro COR 600</strong>&nbsp;- одна из лучших безынерционных катушек с бейтраннером в своем ценовом сегменте. Плавный ход, система мгновенной блокировки обратного хода, фрикционные тормоза, передний и задний, прекрасно отрегулированы.</p><p>	Teben&nbsp;Carp Pro&nbsp;Cor 300, 400 подходит для фидера, Cor 500 и 600 - карповые катушки.</p>";"1150";"katushka-teben-carp-pro-cor-600";"no-img.jpg";"CN49";"-1";"1";"Купить Катушка Teben Carp Pro COR 600 у нас в интернет-магазине YURAN по низкой цене и доставкой в любые регионы";"Катушка Teben Carp Pro COR 600 купить, CN49, Катушка, Teben, Carp, Pro COR, 600";"Катушка Teben Carp Pro COR 600- одна из лучших безынерционных катушек с бейтраннером в своем ценовом сегменте. Плавный ход, система мгновенной блокировки обратного хода, фрикционные тормоза, передний и задний, прекрасно отрегулированы";;"0";"0";"52";0;"";2;;RUR;"Фрикцион=[type=assortmentCheckBox value=Задний|Передний product_margin=Задний|Передний]";49;
"Катушки/Безынерционные";"bobbins/instantaneous";"Катушка Teben Carp Pro COR 500";;"<p>	<strong>Катушка Teben Carp Pro COR 500&nbsp;</strong>- одна из лучших безынерционных катушек с бейтраннером в своем ценовом сегменте. Плавный ход, система мгновенной блокировки обратного хода, фрикционные тормоза, передний и задний, прекрасно отрегулированы.</p><p>	Teben&nbsp;Carp Pro&nbsp;Cor 300, 400 подходит для фидера, Cor 500 и 600 - карповые катушки.</p>";"1120";"katushka-teben-carp-pro-cor-500";"no-img.jpg";"CN48";"-1";"1";"Купить Катушка Teben Carp Pro COR 500 у нас в интернет-магазине YURAN по низкой цене и доставкой в любые регионы";"Катушка Teben Carp Pro COR 500 купить, CN48, Катушка, Teben, Carp, Pro COR, 500";"Катушка Teben Carp Pro COR 500- одна из лучших безынерционных катушек с бейтраннером в своем ценовом сегменте. Плавный ход, система мгновенной блокировки обратного хода, фрикционные тормоза, передний и задний, прекрасно отрегулированы";;"0";"0";"51";0;"";2;;RUR;"Фрикцион=[type=assortmentCheckBox value=Задний|Передний product_margin=Задний|Передний]";48;
"Катушки/Безынерционные";"bobbins/instantaneous";"Катушка Teben Carp Pro COR 400";;"<p>	<strong>Катушка Teben Carp Pro COR 400</strong>&nbsp;- одна из лучших безынерционных катушек с бейтраннером в своем ценовом сегменте. Плавный ход, система мгновенной блокировки обратного хода, фрикционные тормоза, передний и задний, прекрасно отрегулированы.</p><p>	Teben&nbsp;Carp Pro&nbsp;Cor 300, 400 подходит для фидера, Cor 500 и 600 - карповые катушки.</p>";"1080";"katushka-teben-carp-pro-cor-400";"no-img.jpg";"CN47";"-1";"1";"Купить Катушка Teben Carp Pro COR 400 у нас в интернет-магазине YURAN по низкой цене и доставкой в любые регионы";"Катушка Teben Carp Pro COR 400 купить, CN47, Катушка, Teben, Carp, Pro COR, 400";"Катушка Teben Carp Pro COR 400- одна из лучших безынерционных катушек с бейтраннером в своем ценовом сегменте. Плавный ход, система мгновенной блокировки обратного хода, фрикционные тормоза, передний и задний, прекрасно отрегулированы";;"0";"0";"50";0;"";2;;RUR;"Фрикцион=[type=assortmentCheckBox value=Задний|Передний product_margin=Задний|Передний]";47;
"Катушки/Безынерционные";"bobbins/instantaneous";"Катушка Teben Carp Pro COR 300";;"<p>	Катушка Teben Carp Pro COR 300 - одна из лучших безынерционных катушек с бейтраннером в своем ценовом сегменте. Плавный ход, система мгновенной блокировки обратного хода, фрикционные тормоза, передний и задний, прекрасно отрегулированы.</p><p>	Teben&nbsp;Carp Pro&nbsp;Cor 300, 400 подходит для фидера, Cor 500 и 600 - карповые катушки.</p>";"1050";"katushka-teben-carp-pro-cor-300";"no-img.jpg";"CN46";"-1";"1";"Купить Катушка Teben Carp Pro COR 300 у нас в интернет-магазине YURAN по низкой цене и доставкой в любые регионы";"Катушка Teben Carp Pro COR 300 купить, CN46, Катушка, Teben, Carp, Pro COR, 300";"Катушка Teben Carp Pro COR 300 - одна из лучших безынерционных катушек с бейтраннером в своем ценовом сегменте. Плавный ход, система мгновенной блокировки обратного хода, фрикционные тормоза, передний и задний, прекрасно отрегулированы";;"0";"0";"49";0;"";2;;RUR;"Фрикцион=[type=assortmentCheckBox value=Задний|Передний product_margin=Задний|Передний]";46;
"Катушки/Безынерционные";"bobbins/instantaneous";"Катушка Teben TEB 300";;"<strong>COBRA CB 640А -&nbsp;</strong>катушка, имеющая пепедний фрикцион. Катушка оборудована алюминиевой шпулей.<br />Длина лески равна 0.3 - 120 мм. Катушка оборудована 7+1 подшипниками. Передаточное число равно 5,1. &nbsp;";"940";"katushka-teben-teb-300";"no-img.jpg";"CN53";"-1";"1";"Купить Катушка Teben TEB 300 у нас в интернет-магазине YURAN по низкой цене и доставкой в любые регионы";"Катушка Teben TEB 300 купить, CN45, Катушка, Teben, TEB 300";"COBRA CB 640А -катушка, имеющая пепедний фрикцион. Катушка оборудована алюминиевой шпулей. Длина лески равна 0.3 - 120 мм. Катушка оборудована 7+1 подшипниками";;"0";"0";"48";0,29;"";2;;RUR;"Фрикцион=[type=assortmentCheckBox value=Передний product_margin=Задний|Передний]";53;
"Удилища/Маховые";"fishing-rods/wave";"Удочка маховая G.STONE WALKMAN б/к 7 м";;"Отличное маховое удилище G.Stone Walkman изготовленное из графита. Покупая такое удилище вы получаете все плюсы графитового удилища, такие как легкий вес, удобство использования.<br /><br /><strong>Производитель</strong>: G.STONE<br /><strong>Длина</strong>: 7 м<br /><strong>Количество колен</strong>: 7<br /><strong>Тест</strong>: 10 - 30 гр<br /><strong>атериал</strong>: Карбон (Углепластк)<br /><strong>Конструкция</strong>: Телескопическая";"1370";"udochka-mahovaya-g-stone-walkman-b-k-7-m";"udilishche-g-stone-walkman-b-k-7-00m.png[:param:][alt=Удочка маховая G.STONE WALKMAN б/к 7 м][title=Удочка маховая G.STONE WALKMAN б/к 7 м]";"CN38";"-1";"1";"Купить Удочка маховая G.STONE WALKMAN б/к 7 м у нас в интернет-магазине YURAN по низкой цене и доставкой в любые регионы";"Удочка маховая G.STONE WALKMAN б/к 7 м купить, CN38, Удочка, маховая, G.STONE, WALKMAN, б/к 7, м";"Отличное маховое удилище G.Stone Walkman изготовленное из графита. Покупая такое удилище вы получаете все плюсы графитового удилища, такие как легкий вес, удобство использования";;"0";"0";"47";0;"";1;;RUR;"Характеристики=[type=textarea value=<table border=""1"" cellpadding=""5"" cellspacing=""1"" style=""width: 100%;""><br/>	<thead><br/>		<tr><br/>			<th scope=""col""><br/>				<span style=""font-size:18px;"">Производитель</span><br/>			</th><br/>			<th scope=""col""><br/>				<span style=""font-size:18px;"">Длина</span><br/>			</th><br/>			<th scope=""col""><br/>				<span style=""font-size:18px;"">Количество колен</span><br/>			</th><br/>			<th scope=""col""><br/>				<span style=""font-size:18px;"">Тест</span><br/>			</th><br/>			<th scope=""col""><br/>				<span style=""font-size:18px;"">Материал</span><br/>			</th><br/>			<th scope=""col""><br/>				<span style=""font-size:18px;"">Конструкция</span><br/>			</th><br/>		</tr><br/>	</thead><br/>	<tbody><br/>		<tr><br/>			<td style=""text-align: center;""><br/>				<span style=""font-size:16px;"">G.STONE</span><br/>			</td><br/>			<td style=""text-align: center;""><br/>				<span style=""font-size:16px;"">7 м</span><br/>			</td><br/>			<td style=""text-align: center;""><br/>				<span style=""font-size: 16px; line-height: 25.6px;"">7</span><br/>			</td><br/>			<td style=""text-align: center;""><br/>				<span style=""font-size:16px;"">10 - 30 гр&amp;nbsp;</span><br/>			</td><br/>			<td style=""text-align: center;""><br/>				<span style=""font-size: 16px; line-height: 25.6px;"">Карбон</span><br/>			</td><br/>			<td style=""text-align: center;""><br/>				<span style=""font-size:16px;"">Телескопическая</span><br/>			</td><br/>		</tr><br/>	</tbody><br/></table><br/> product_margin=]&Бренд=[type=assortmentCheckBox value=G-STONE product_margin=OKUMA|LINE WINDER|TRABUCCO|MIKADO|G-STONE|GLOBE|LIBAO]";38;
"Удилища/Маховые";"fishing-rods/wave";"Удочка маховая G.STONE WALKMAN б/к 6 м";;"Отличное маховое удилище G.Stone Walkman изготовленное из графита. Покупая такое удилище вы получаете все плюсы графитового удилища, такие как легкий вес, удобство использования.<br /><br /><strong>Производитель</strong>: G.STONE<br /><strong>Длина</strong>: 6 м<br /><strong>Количество колен</strong>: 6<br /><strong>Тест</strong>: 10 - 30 гр<br /><strong>атериал</strong>: Карбон (Углепластк)<br /><strong>Конструкция</strong>: Телескопическая";"1100";"udochka-mahovaya-g-stone-walkman-b-k-6-m";"udilishche-g-stone-walkman-b-k-6-00m.png";"CN37";"-1";"1";"Купить Удочка маховая G.STONE WALKMAN б/к 6 м у нас в интернет-магазине YURAN по низкой цене и доставкой в любые регионы";"Удочка маховая G.STONE WALKMAN б/к 6 м купить, CN37, Удочка, маховая, G.STONE, WALKMAN, б/к 6, м";"Отличное маховое удилище G.Stone Walkman изготовленное из графита. Покупая такое удилище вы получаете все плюсы графитового удилища, такие как легкий вес, удобство использования";;"0";"0";"46";0,164;"";1;;RUR;"Характеристики=[type=textarea value=<table border=""1"" cellpadding=""5"" cellspacing=""1"" style=""width: 100%;""><br/>	<thead><br/>		<tr><br/>			<th scope=""col""><br/>				<span style=""font-size:18px;"">Производитель</span><br/>			</th><br/>			<th scope=""col""><br/>				<span style=""font-size:18px;"">Длина</span><br/>			</th><br/>			<th scope=""col""><br/>				<span style=""font-size:18px;"">Количество колен</span><br/>			</th><br/>			<th scope=""col""><br/>				<span style=""font-size:18px;"">Тест</span><br/>			</th><br/>			<th scope=""col""><br/>				<span style=""font-size:18px;"">Материал</span><br/>			</th><br/>			<th scope=""col""><br/>				<span style=""font-size:18px;"">Конструкция</span><br/>			</th><br/>		</tr><br/>	</thead><br/>	<tbody><br/>		<tr><br/>			<td style=""text-align: center;""><br/>				<span style=""font-size:16px;"">G.STONE</span><br/>			</td><br/>			<td style=""text-align: center;""><br/>				<span style=""font-size:16px;"">6 м</span><br/>			</td><br/>			<td style=""text-align: center;""><br/>				<span style=""font-size: 16px; line-height: 25.6px;"">6</span><br/>			</td><br/>			<td style=""text-align: center;""><br/>				<span style=""font-size:16px;"">10 - 30 гр&amp;nbsp;</span><br/>			</td><br/>			<td style=""text-align: center;""><br/>				<span style=""font-size: 16px; line-height: 25.6px;"">Карбон</span><br/>			</td><br/>			<td style=""text-align: center;""><br/>				<span style=""font-size:16px;"">Телескопическая</span><br/>			</td><br/>		</tr><br/>	</tbody><br/></table><br/> product_margin=]&Бренд=[type=assortmentCheckBox value=G-STONE product_margin=OKUMA|LINE WINDER|TRABUCCO|MIKADO|G-STONE|GLOBE|LIBAO]";37;
"Удилища/Маховые";"fishing-rods/wave";"Удочка маховая G.STONE WALKMAN б/к 5 м";;"Отличное маховое удилище G.Stone Walkman изготовленное из графита. Покупая такое удилище вы получаете все плюсы графитового удилища, такие как легкий вес, удобство использования.<br /><br /><strong>Производитель</strong>: G.STONE<br /><strong>Длина</strong>: 5 м<br /><strong>Количество колен</strong>: 5<br /><strong>Тест</strong>: 10 - 30 гр<br /><strong>атериал</strong>: Карбон (Углепластк)<br /><strong>Конструкция</strong>: Телескопическая";"890";"udochka-mahovaya-g-stone-walkman-b-k-5-m";"udilishche-g-stone-walkman-b-k-5-00m.png";"CN36";"-1";"1";"Купить Удочка маховая G.STONE WALKMAN б/к 5 м у нас в интернет-магазине YURAN по низкой цене и доставкой в любые регионы";"Удочка маховая G.STONE WALKMAN б/к 5 м купить, CN36, Удочка, маховая, G.STONE, WALKMAN, б/к 5, м";"Отличное маховое удилище G.Stone Walkman изготовленное из графита. Покупая такое удилище вы получаете все плюсы графитового удилища, такие как легкий вес, удобство использования";;"0";"0";"44";0,188;"";1;;RUR;"Характеристики=[type=textarea value=<table border=""1"" cellpadding=""5"" cellspacing=""1"" style=""width: 100%;""><br/>	<thead><br/>		<tr><br/>			<th scope=""col""><br/>				<span style=""font-size:18px;"">Производитель</span><br/>			</th><br/>			<th scope=""col""><br/>				<span style=""font-size:18px;"">Длина</span><br/>			</th><br/>			<th scope=""col""><br/>				<span style=""font-size:18px;"">Количество колен</span><br/>			</th><br/>			<th scope=""col""><br/>				<span style=""font-size:18px;"">Тест</span><br/>			</th><br/>			<th scope=""col""><br/>				<span style=""font-size:18px;"">Материал</span><br/>			</th><br/>			<th scope=""col""><br/>				<span style=""font-size:18px;"">Конструкция</span><br/>			</th><br/>		</tr><br/>	</thead><br/>	<tbody><br/>		<tr><br/>			<td style=""text-align: center;""><br/>				<span style=""font-size:16px;"">G.STONE</span><br/>			</td><br/>			<td style=""text-align: center;""><br/>				<span style=""font-size:16px;"">5 м</span><br/>			</td><br/>			<td style=""text-align: center;""><br/>				<span style=""font-size: 16px; line-height: 25.6px;"">5</span><br/>			</td><br/>			<td style=""text-align: center;""><br/>				<span style=""font-size:16px;"">10 - 30 гр&amp;nbsp;</span><br/>			</td><br/>			<td style=""text-align: center;""><br/>				<span style=""font-size: 16px; line-height: 25.6px;"">Карбон</span><br/>			</td><br/>			<td style=""text-align: center;""><br/>				<span style=""font-size:16px;"">Телескопическая</span><br/>			</td><br/>		</tr><br/>	</tbody><br/></table><br/> product_margin=]&Бренд=[type=assortmentCheckBox value=G-STONE product_margin=OKUMA|LINE WINDER|TRABUCCO|MIKADO|G-STONE|GLOBE|LIBAO]";36;
"Удилища/Маховые";"fishing-rods/wave";"Удочка маховая G.STONE WALKMAN с/к 6 м";;"Отличное маховое удилище G.Stone Walkman изготовленное из графита. Покупая такое удилище вы получаете все плюсы графитового удилища, такие как легкий вес, удобство использования.<br /><br /><strong>Производитель</strong>: G.STONE<br /><strong>Длина</strong>: 6 м<br /><strong>Количество колен</strong>: 6<br /><strong>Тест</strong>: 10 - 30 гр<br /><strong>атериал</strong>: Карбон (Углепластк)<br /><strong>Конструкция</strong>: Телескопическая";"1250";"udochka-mahovaya-g-stone-walkman-s-k-6-m";"udilishche-g-stone-walkman-s-k-6-00m.png";"CN35";"-1";"1";"Купить Удочка маховая G.STONE WALKMAN с/к 6 м у нас в интернет-магазине YURAN по низкой цене и доставкой в любые регионы";"Удочка маховая G.STONE WALKMAN с/к 6 м купить, CN35, Удочка, маховая, G.STONE, WALKMAN, с/к 6, м";"Отличное маховое удилище G.Stone Walkman изготовленное из графита. Покупая такое удилище вы получаете все плюсы графитового удилища, такие как легкий вес, удобство использования";;"0";"0";"43";0,635;"";1;;RUR;"Характеристики=[type=textarea value=<table border=""1"" cellpadding=""5"" cellspacing=""1"" style=""width: 100%;""><br/>	<thead><br/>		<tr><br/>			<th scope=""col""><br/>				<span style=""font-size:18px;"">Производитель</span><br/>			</th><br/>			<th scope=""col""><br/>				<span style=""font-size:18px;"">Длина</span><br/>			</th><br/>			<th scope=""col""><br/>				<span style=""font-size:18px;"">Количество колен</span><br/>			</th><br/>			<th scope=""col""><br/>				<span style=""font-size:18px;"">Тест</span><br/>			</th><br/>			<th scope=""col""><br/>				<span style=""font-size:18px;"">Материал</span><br/>			</th><br/>			<th scope=""col""><br/>				<span style=""font-size:18px;"">Конструкция</span><br/>			</th><br/>		</tr><br/>	</thead><br/>	<tbody><br/>		<tr><br/>			<td style=""text-align: center;""><br/>				<span style=""font-size:16px;"">G.STONE</span><br/>			</td><br/>			<td style=""text-align: center;""><br/>				<span style=""font-size:16px;"">6 м</span><br/>			</td><br/>			<td style=""text-align: center;""><br/>				<span style=""font-size: 16px; line-height: 25.6px;"">6</span><br/>			</td><br/>			<td style=""text-align: center;""><br/>				<span style=""font-size:16px;"">10 - 30 гр&amp;nbsp;</span><br/>			</td><br/>			<td style=""text-align: center;""><br/>				<span style=""font-size: 16px; line-height: 25.6px;"">Карбон</span><br/>			</td><br/>			<td style=""text-align: center;""><br/>				<span style=""font-size:16px;"">Телескопическая</span><br/>			</td><br/>		</tr><br/>	</tbody><br/></table><br/> product_margin=]&Бренд=[type=assortmentCheckBox value=G-STONE product_margin=OKUMA|LINE WINDER|TRABUCCO|MIKADO|G-STONE|GLOBE|LIBAO]";35;
"Удилища/Маховые";"fishing-rods/wave";"Удочка маховая G.STONE WALKMAN с/к 5 м";;"Отличное маховое удилище G.Stone Walkman изготовленное из графита. Покупая такое удилище вы получаете все плюсы графитового удилища, такие как легкий вес, удобство использования.<br /><br /><strong>Производитель</strong>: G.STONE<br /><strong>Длина</strong>: 5 м<br /><strong>Количество колен</strong>: 5<br /><strong>Тест</strong>: 10 - 30 гр<br /><strong>атериал</strong>: Карбон (Углепластк)<br /><strong>Конструкция</strong>: Телескопическая";"1050";"udochka-mahovaya-g-stone-walkman-s-k-5-m";"udilishche-g-stone-walkman-s-k-5-00m.png";"CN34";"-1";"1";"Купить Удочка маховая G.STONE WALKMAN с/к 5 м у нас в интернет-магазине YURAN по низкой цене и доставкой в любые регионы";"Удочка маховая G.STONE WALKMAN с/к 5 м купить, CN34, Удочка, маховая, G.STONE, WALKMAN, с/к 5, м";"Отличное маховое удилище G.Stone Walkman изготовленное из графита. Покупая такое удилище вы получаете все плюсы графитового удилища, такие как легкий вес, удобство использования";;"0";"0";"42";0,635;"";1;;RUR;"Характеристики=[type=textarea value=<table border=""1"" cellpadding=""5"" cellspacing=""1"" style=""width: 100%;""><br/>	<thead><br/>		<tr><br/>			<th scope=""col""><br/>				<span style=""font-size:18px;"">Производитель</span><br/>			</th><br/>			<th scope=""col""><br/>				<span style=""font-size:18px;"">Длина</span><br/>			</th><br/>			<th scope=""col""><br/>				<span style=""font-size:18px;"">Количество колен</span><br/>			</th><br/>			<th scope=""col""><br/>				<span style=""font-size:18px;"">Тест</span><br/>			</th><br/>			<th scope=""col""><br/>				<span style=""font-size:18px;"">Материал</span><br/>			</th><br/>			<th scope=""col""><br/>				<span style=""font-size:18px;"">Конструкция</span><br/>			</th><br/>		</tr><br/>	</thead><br/>	<tbody><br/>		<tr><br/>			<td style=""text-align: center;""><br/>				<span style=""font-size:16px;"">G.STONE</span><br/>			</td><br/>			<td style=""text-align: center;""><br/>				<span style=""font-size:16px;"">5 м</span><br/>			</td><br/>			<td style=""text-align: center;""><br/>				<span style=""font-size: 16px; line-height: 25.6px;"">5</span><br/>			</td><br/>			<td style=""text-align: center;""><br/>				<span style=""font-size:16px;"">10 - 30 гр&amp;nbsp;</span><br/>			</td><br/>			<td style=""text-align: center;""><br/>				<span style=""font-size: 16px; line-height: 25.6px;"">Карбон</span><br/>			</td><br/>			<td style=""text-align: center;""><br/>				<span style=""font-size:16px;"">Телескопическая</span><br/>			</td><br/>		</tr><br/>	</tbody><br/></table><br/> product_margin=]&Бренд=[type=assortmentCheckBox value=G-STONE product_margin=OKUMA|LINE WINDER|TRABUCCO|MIKADO|G-STONE|GLOBE|LIBAO]";34;
"Удилища/Маховые";"fishing-rods/wave";"Удочка маховая G.STONE WALKMAN с/к 4 м";;"Отличное маховое удилище G.Stone Walkman изготовленное из графита. Покупая такое удилище вы получаете все плюсы графитового удилища, такие как легкий вес, удобство использования.<br /><br /><strong>Производитель</strong>: G.STONE<br /><strong>Длина</strong>: 4 м<br /><strong>Количество колен</strong>: 4<br /><strong>Тест</strong>: 10 - 30 гр<br /><strong>атериал</strong>: Карбон (Углепластк)<br /><strong>Конструкция</strong>: Телескопическая";"850";"udochka-mahovaya-g-stone-walkman-s-k-4";"udilishche-g-stone-walkman-s-k-4-00m.png";"CN39";"-1";"1";"Купить Удочка маховая G.STONE WALKMAN с/к 4 м у нас в интернет-магазине YURAN по низкой цене и доставкой в любые регионы";"Удочка маховая G.STONE WALKMAN с/к 4 м купить, CN33, Удочка, маховая, G.STONE, WALKMAN, с/к 4, м";"Отличное маховое удилище G.Stone Walkman изготовленное из графита. Покупая такое удилище вы получаете все плюсы графитового удилища, такие как легкий вес, удобство использования";;"0";"0";"41";0;"";1;;RUR;"Характеристики=[type=textarea value=<table border=""1"" cellpadding=""5"" cellspacing=""1"" style=""width: 100%;""><br/>	<thead><br/>		<tr><br/>			<th scope=""col""><br/>				<span style=""font-size:18px;"">Производитель</span><br/>			</th><br/>			<th scope=""col""><br/>				<span style=""font-size:18px;"">Длина</span><br/>			</th><br/>			<th scope=""col""><br/>				<span style=""font-size:18px;"">Количество колен</span><br/>			</th><br/>			<th scope=""col""><br/>				<span style=""font-size:18px;"">Тест</span><br/>			</th><br/>			<th scope=""col""><br/>				<span style=""font-size:18px;"">Материал</span><br/>			</th><br/>			<th scope=""col""><br/>				<span style=""font-size:18px;"">Конструкция</span><br/>			</th><br/>		</tr><br/>	</thead><br/>	<tbody><br/>		<tr><br/>			<td style=""text-align: center;""><br/>				<span style=""font-size:16px;"">G.STONE</span><br/>			</td><br/>			<td style=""text-align: center;""><br/>				<span style=""font-size:16px;"">4 м</span><br/>			</td><br/>			<td style=""text-align: center;""><br/>				<span style=""font-size: 16px; line-height: 25.6px;"">4</span><br/>			</td><br/>			<td style=""text-align: center;""><br/>				<span style=""font-size:16px;"">10 - 30 гр&amp;nbsp;</span><br/>			</td><br/>			<td style=""text-align: center;""><br/>				<span style=""font-size: 16px; line-height: 25.6px;"">Карбон</span><br/>			</td><br/>			<td style=""text-align: center;""><br/>				<span style=""font-size:16px;"">Телескопическая</span><br/>			</td><br/>		</tr><br/>	</tbody><br/></table><br/> product_margin=]&Бренд=[type=assortmentCheckBox value=G-STONE product_margin=OKUMA|LINE WINDER|TRABUCCO|MIKADO|G-STONE|GLOBE|LIBAO]";39;
"Удилища/Спиннинговые";"fishing-rods/spinning";"Спиннинг Globe Water Force 3.9 м";;"<strong>Производитель</strong>: Globe<br /><strong>Длина</strong>: 3.9 м<br /><strong>Количество колен</strong>: 3<br /><strong>Тест</strong>: 150 - 250 гр<br /><strong>атериал</strong>: Стеклопластик<br /><strong>Конструкция</strong>: Штекерная";"800";"spinning-globe-water-force-3-9-m";"spinning-globe-water-force-3-90m.gif";"CN32";"-1";"1";"Купить Спиннинг Globe Water Force 3.9 м у нас в интернет-магазине YURAN по низкой цене и доставкой в любые регионы";"Спиннинг Globe Water Force 3.9 м купить, CN32, Спиннинг, Globe, Water, Force, 3.9 м";"Производитель: Globe Длина: 3.9 м личество колен: 3 Тест: 150 - 250 гр атериал: Стеклопластик Конструкция: Штекерная";;"0";"0";"40";0,635;"";1;;RUR;"Характеристики=[type=textarea value=<table border=""1"" cellpadding=""5"" cellspacing=""1"" style=""width: 100%;""><br/>	<thead><br/>		<tr><br/>			<th scope=""col""><br/>				<span style=""font-size:18px;"">Производитель</span><br/>			</th><br/>			<th scope=""col""><br/>				<span style=""font-size:18px;"">Длина</span><br/>			</th><br/>			<th scope=""col""><br/>				<span style=""font-size:18px;"">Количество колен</span><br/>			</th><br/>			<th scope=""col""><br/>				<span style=""font-size:18px;"">Тест</span><br/>			</th><br/>			<th scope=""col""><br/>				<span style=""font-size:18px;"">Материал</span><br/>			</th><br/>			<th scope=""col""><br/>				<span style=""font-size:18px;"">Конструкция</span><br/>			</th><br/>		</tr><br/>	</thead><br/>	<tbody><br/>		<tr><br/>			<td style=""text-align: center;""><br/>				<span style=""font-size:16px;"">Globe</span><br/>			</td><br/>			<td style=""text-align: center;""><br/>				<span style=""font-size:16px;"">3.9 м</span><br/>			</td><br/>			<td style=""text-align: center;""><br/>				<span style=""font-size: 16px; line-height: 25.6px;"">3</span><br/>			</td><br/>			<td style=""text-align: center;""><br/>				<span style=""font-size:16px;"">150-250 гр&amp;nbsp;</span><br/>			</td><br/>			<td style=""text-align: center;""><br/>				<span style=""font-size:16px;"">Стеклопластик</span><br/>			</td><br/>			<td style=""text-align: center;""><br/>				<span style=""font-size:16px;"">Штекерная</span><br/>			</td><br/>		</tr><br/>	</tbody><br/></table><br/> product_margin=]&Бренд=[type=assortmentCheckBox value=GLOBE product_margin=OKUMA|LINE WINDER|TRABUCCO|MIKADO|G-STONE|GLOBE|LIBAO]";32;
"Удилища/Спиннинговые";"fishing-rods/spinning";"Спиннинг Globe Water Force 3.6 м";;"<strong>Производитель</strong>: Globe<br /><strong>Длина</strong>: 3.6 м<br /><strong>Количество колен</strong>: 3<br /><strong>Тест</strong>: 150 - 250 гр<br /><strong>атериал</strong>: Стеклопластик<br /><strong>Конструкция</strong>: Штекерная";"700";"spinning-globe-water-force-3-6-m";"spinning-globe-water-force-3.60m.gif";"CN31";"-1";"1";"Купить Спиннинг Globe Water Force 3.6 м у нас в интернет-магазине YURAN по низкой цене и доставкой в любые регионы";"Спиннинг Globe Water Force 3.6 м купить, CN31, Спиннинг, Globe, Water, Force, 3.6 м";"Производитель: Globe Длина: 3.6 м личество колен: 3 Тест: 150 - 250 гр атериал: Стеклопластик Конструкция: Штекерная";;"0";"0";"39";0,505;"";;;RUR;"Характеристики=[type=textarea value=<table border=""1"" cellpadding=""5"" cellspacing=""1"" style=""width: 100%;""><br/>	<thead><br/>		<tr><br/>			<th scope=""col""><br/>				<span style=""font-size:18px;"">Производитель</span><br/>			</th><br/>			<th scope=""col""><br/>				<span style=""font-size:18px;"">Длина</span><br/>			</th><br/>			<th scope=""col""><br/>				<span style=""font-size:18px;"">Количество колен</span><br/>			</th><br/>			<th scope=""col""><br/>				<span style=""font-size:18px;"">Тест</span><br/>			</th><br/>			<th scope=""col""><br/>				<span style=""font-size:18px;"">Материал</span><br/>			</th><br/>			<th scope=""col""><br/>				<span style=""font-size:18px;"">Конструкция</span><br/>			</th><br/>		</tr><br/>	</thead><br/>	<tbody><br/>		<tr><br/>			<td style=""text-align: center;""><br/>				<span style=""font-size:16px;"">Globe</span><br/>			</td><br/>			<td style=""text-align: center;""><br/>				<span style=""font-size:16px;"">3.6 м</span><br/>			</td><br/>			<td style=""text-align: center;""><br/>				<span style=""font-size: 16px; line-height: 25.6px;"">3</span><br/>			</td><br/>			<td style=""text-align: center;""><br/>				<span style=""font-size:16px;"">150-250 гр&amp;nbsp;</span><br/>			</td><br/>			<td style=""text-align: center;""><br/>				<span style=""font-size:16px;"">Стеклопластик</span><br/>			</td><br/>			<td style=""text-align: center;""><br/>				<span style=""font-size:16px;"">Штекерная</span><br/>			</td><br/>		</tr><br/>	</tbody><br/></table><br/> product_margin=]&Бренд=[type=assortmentCheckBox value=GLOBE product_margin=OKUMA|LINE WINDER|TRABUCCO|MIKADO|G-STONE|GLOBE|LIBAO]";31;
"Удилища/Спиннинговые";"fishing-rods/spinning";"Спиннинг Globe Water Force 2.7 м";;"<strong>Производитель</strong>: Globe<br /><strong>Длина</strong>: 2.7 м<br /><strong>Количество колен</strong>: 2<br /><strong>Тест</strong>: 150 - 250 гр<br /><strong>атериал</strong>: Стеклопластик<br /><strong>Конструкция</strong>: Штекерная";"600";"spinning-globe-water-force-2-7-m";"spinning-globe-water-force-2-70m.gif";"CN30";"-1";"1";"Купить Спиннинг Globe Water Force 2.7 м у нас в интернет-магазине YURAN по низкой цене и доставкой в любые регионы";"Спиннинг Globe Water Force 2.7 м купить, CN30, Спиннинг, Globe, Water, Force, 2.7 м";"Производитель: Globe Длина: 2.7 м личество колен: 2 Тест: 150 - 250 гр атериал: Стеклопластик Конструкция: Штекерная";;"0";"0";"38";0,417;"";;;RUR;"Характеристики=[type=textarea value=<table border=""1"" cellpadding=""5"" cellspacing=""1"" style=""width: 100%;""><br/>	<thead><br/>		<tr><br/>			<th scope=""col""><br/>				<span style=""font-size:18px;"">Производитель</span><br/>			</th><br/>			<th scope=""col""><br/>				<span style=""font-size:18px;"">Длина</span><br/>			</th><br/>			<th scope=""col""><br/>				<span style=""font-size:18px;"">Количество колен</span><br/>			</th><br/>			<th scope=""col""><br/>				<span style=""font-size:18px;"">Тест</span><br/>			</th><br/>			<th scope=""col""><br/>				<span style=""font-size:18px;"">Материал</span><br/>			</th><br/>			<th scope=""col""><br/>				<span style=""font-size:18px;"">Конструкция</span><br/>			</th><br/>		</tr><br/>	</thead><br/>	<tbody><br/>		<tr><br/>			<td style=""text-align: center;""><br/>				<span style=""font-size:16px;"">Globe</span><br/>			</td><br/>			<td style=""text-align: center;""><br/>				<span style=""font-size:16px;"">2.7 м</span><br/>			</td><br/>			<td style=""text-align: center;""><br/>				<span style=""font-size:16px;"">2</span><br/>			</td><br/>			<td style=""text-align: center;""><br/>				<span style=""font-size:16px;"">150-250 гр&amp;nbsp;</span><br/>			</td><br/>			<td style=""text-align: center;""><br/>				<span style=""font-size:16px;"">Стеклопластик</span><br/>			</td><br/>			<td style=""text-align: center;""><br/>				<span style=""font-size:16px;"">Штекерная</span><br/>			</td><br/>		</tr><br/>	</tbody><br/></table><br/> product_margin=]&Бренд=[type=assortmentCheckBox value=GLOBE product_margin=OKUMA|LINE WINDER|TRABUCCO|MIKADO|G-STONE|GLOBE|LIBAO]";30;
"Удилища/Спиннинговые";"fishing-rods/spinning";"Спиннинг Globe Water Force 2.4 м";;"<strong>Производитель</strong>: Globe<br /><strong>Длина</strong>: 2.4 м<br /><strong>Количество колен</strong>: 2<br /><strong>Тест</strong>: 150 - 250 гр<br /><strong>атериал</strong>: Стеклопластик<br /><strong>Конструкция</strong>: Штекерная";"550";"spinning-globe-water-force-2-4-m";"spinning-globe-water-force-2-40m.gif";"CN29";"-1";"1";"Купить Спиннинг Globe Water Force 2.4 м у нас в интернет-магазине YURAN по низкой цене и доставкой в любые регионы";"Спиннинг Globe Water Force 2.4 м купить, CN29, Спиннинг, Globe, Water, Force, 2.4 м";"Производитель: Globe Длина: 2.4 м личество колен: 2 Тест: 150 - 250 гр атериал: Стеклопластик Конструкция: Штекерная";;"0";"0";"37";0;"";;;RUR;"Характеристики=[type=textarea value=<table border=""1"" cellpadding=""5"" cellspacing=""1"" style=""width: 100%;""><br/>	<thead><br/>		<tr><br/>			<th scope=""col""><br/>				<span style=""font-size:18px;"">Производитель</span><br/>			</th><br/>			<th scope=""col""><br/>				<span style=""font-size:18px;"">Длина</span><br/>			</th><br/>			<th scope=""col""><br/>				<span style=""font-size:18px;"">Количество колен</span><br/>			</th><br/>			<th scope=""col""><br/>				<span style=""font-size:18px;"">Тест</span><br/>			</th><br/>			<th scope=""col""><br/>				<span style=""font-size:18px;"">Материал</span><br/>			</th><br/>			<th scope=""col""><br/>				<span style=""font-size:18px;"">Конструкция</span><br/>			</th><br/>		</tr><br/>	</thead><br/>	<tbody><br/>		<tr><br/>			<td style=""text-align: center;""><br/>				<span style=""font-size:16px;"">Globe</span><br/>			</td><br/>			<td style=""text-align: center;""><br/>				<span style=""font-size:16px;"">2.4 м</span><br/>			</td><br/>			<td style=""text-align: center;""><br/>				<span style=""font-size:16px;"">2</span><br/>			</td><br/>			<td style=""text-align: center;""><br/>				<span style=""font-size:16px;"">150-250 гр&amp;nbsp;</span><br/>			</td><br/>			<td style=""text-align: center;""><br/>				<span style=""font-size:16px;"">Стеклопластик</span><br/>			</td><br/>			<td style=""text-align: center;""><br/>				<span style=""font-size:16px;"">Штекерная</span><br/>			</td><br/>		</tr><br/>	</tbody><br/></table><br/> product_margin=]&Бренд=[type=assortmentCheckBox value=GLOBE product_margin=OKUMA|LINE WINDER|TRABUCCO|MIKADO|G-STONE|GLOBE|LIBAO]";29;
"Удилища/Спиннинговые";"fishing-rods/spinning";"Спиннинг Libao Avenger Tele Spin 3.6 м";;"<p>	<span style=""font-size: 13px; line-height: 1.6; color: rgb(51, 51, 51); background-color: rgb(255, 255, 255);""><strong>Libao Avenger Tele Spin</strong> - недорогое спиннинговое телескопическое удилище. Бланк изготовлен из графита, позволяя удилищу гасить рывки крупных рыб. Лайтовое удилище обладает средним строем, за счет чего рыболов легко сможет доставлять объемные приманки к осторожной рыбе. За счет телескопической конструкции, спиннинг занимает мало места при транспортировке, позволяет сложить его в рюкзак. Удилище имеет высококачественные sic-кольца, удобный катушкодержатель и пробковую рукоять. Спиннинг Libao Avenger Tele Spin без труда справится с объемными воблерами и тяжелым джигом.</span></p>";"1420";"spinning-libao-avenger-tele-spin-3-6-m";"spinning-libao-avenger-tele-spin-2-10m.png";"CN44";"-1";"1";"Купить Спиннинг Libao Avenger Tele Spin 3.6 м у нас в интернет-магазине YURAN по низкой цене и доставкой в любые регионы";"Спиннинг Libao Avenger Tele Spin 3.6 м купить, CN44, Спиннинг, Libao, Avenger, Tele, Spin, 3.6 м";"Libao Avenger Tele Spin - недорогое спиннинговое телескопическое удилище. Бланк изготовлен из графита, позволяя удилищу гасить рывки крупных рыб.";;"0";"0";"36";0,19;"";1;;RUR;"Характеристики=[type=textarea value=<table border=""1"" cellpadding=""5"" cellspacing=""1"" style=""width: 100%;""><br/>	<thead><br/>		<tr><br/>			<th scope=""col""><br/>				<span style=""font-size:18px;"">Производитель</span><br/>			</th><br/>			<th scope=""col""><br/>				<span style=""font-size:18px;"">Длина</span><br/>			</th><br/>			<th scope=""col""><br/>				<span style=""font-size:18px;"">Количество колен</span><br/>			</th><br/>			<th scope=""col""><br/>				<span style=""font-size:18px;"">Тест</span><br/>			</th><br/>			<th scope=""col""><br/>				<span style=""font-size:18px;"">Материал</span><br/>			</th><br/>			<th scope=""col""><br/>				<span style=""font-size:18px;"">Конструкция</span><br/>			</th><br/>		</tr><br/>	</thead><br/>	<tbody><br/>		<tr><br/>			<td style=""text-align: center;""><br/>				<span style=""font-size:18px;"">Libao</span><br/>			</td><br/>			<td style=""text-align: center;""><br/>				<span style=""font-size:18px;"">3.6 м</span><br/>			</td><br/>			<td style=""text-align: center;""><br/>				<span style=""font-size: 18px; line-height: 28.8px;"">7</span><br/>			</td><br/>			<td style=""text-align: center;""><br/>				<span style=""font-size:18px;"">10 - 30 гр</span><br/>			</td><br/>			<td style=""text-align: center;""><br/>				<span style=""font-size:18px;"">Карбон (углепластик)</span><br/>			</td><br/>			<td style=""text-align: center;""><br/>				<span style=""font-size:18px;"">Телескопическая</span><br/>			</td><br/>		</tr><br/>	</tbody><br/></table><br/> product_margin=]&Бренд=[type=assortmentCheckBox value=LIBAO product_margin=OKUMA|LINE WINDER|TRABUCCO|MIKADO|G-STONE|GLOBE|LIBAO]";44;
"Удилища/Спиннинговые";"fishing-rods/spinning";"Спиннинг Libao Avenger Tele Spin 3.0 м";;"<p>	<span style=""font-size: 13px; line-height: 1.6; color: rgb(51, 51, 51); background-color: rgb(255, 255, 255);""><strong>Libao Avenger Tele Spin</strong> - недорогое спиннинговое телескопическое удилище. Бланк изготовлен из графита, позволяя удилищу гасить рывки крупных рыб. Лайтовое удилище обладает средним строем, за счет чего рыболов легко сможет доставлять объемные приманки к осторожной рыбе. За счет телескопической конструкции, спиннинг занимает мало места при транспортировке, позволяет сложить его в рюкзак. Удилище имеет высококачественные sic-кольца, удобный катушкодержатель и пробковую рукоять. Спиннинг Libao Avenger Tele Spin без труда справится с объемными воблерами и тяжелым джигом.</span></p>";"1280";"spinning-libao-avenger-tele-spin-3-0-m";"spinning-libao-avenger-tele-spin-2-10m.png";"CN43";"-1";"1";"Купить Спиннинг Libao Avenger Tele Spin 3.0 м у нас в интернет-магазине YURAN по низкой цене и доставкой в любые регионы";"Спиннинг Libao Avenger Tele Spin 3.0 м купить, CN43, Спиннинг, Libao, Avenger, Tele, Spin, 3.0 м";"Libao Avenger Tele Spin - недорогое спиннинговое телескопическое удилище. Бланк изготовлен из графита, позволяя удилищу гасить рывки крупных рыб.";;"0";"0";"35";0,18;"";1;;RUR;"Характеристики=[type=textarea value=<table border=""1"" cellpadding=""5"" cellspacing=""1"" style=""width: 100%;""><br/>	<thead><br/>		<tr><br/>			<th scope=""col""><br/>				<span style=""font-size:18px;"">Производитель</span><br/>			</th><br/>			<th scope=""col""><br/>				<span style=""font-size:18px;"">Длина</span><br/>			</th><br/>			<th scope=""col""><br/>				<span style=""font-size:18px;"">Количество колен</span><br/>			</th><br/>			<th scope=""col""><br/>				<span style=""font-size:18px;"">Тест</span><br/>			</th><br/>			<th scope=""col""><br/>				<span style=""font-size:18px;"">Материал</span><br/>			</th><br/>			<th scope=""col""><br/>				<span style=""font-size:18px;"">Конструкция</span><br/>			</th><br/>		</tr><br/>	</thead><br/>	<tbody><br/>		<tr><br/>			<td style=""text-align: center;""><br/>				<span style=""font-size:18px;"">Libao</span><br/>			</td><br/>			<td style=""text-align: center;""><br/>				<span style=""font-size:18px;"">3.0 м</span><br/>			</td><br/>			<td style=""text-align: center;""><br/>				<span style=""font-size: 18px; line-height: 28.8px;"">7</span><br/>			</td><br/>			<td style=""text-align: center;""><br/>				<span style=""font-size:18px;"">10 - 30 гр</span><br/>			</td><br/>			<td style=""text-align: center;""><br/>				<span style=""font-size:18px;"">Карбон (углепластик)</span><br/>			</td><br/>			<td style=""text-align: center;""><br/>				<span style=""font-size:18px;"">Телескопическая</span><br/>			</td><br/>		</tr><br/>	</tbody><br/></table><br/> product_margin=]&Бренд=[type=assortmentCheckBox value=LIBAO product_margin=OKUMA|LINE WINDER|TRABUCCO|MIKADO|G-STONE|GLOBE|LIBAO]";43;
"Удилища/Спиннинговые";"fishing-rods/spinning";"Спиннинг Libao Avenger Tele Spin 2.7 м";;"<p>	<span style=""font-size: 13px; line-height: 1.6; color: rgb(51, 51, 51); background-color: rgb(255, 255, 255);""><strong>Libao Avenger Tele Spin</strong> - недорогое спиннинговое телескопическое удилище. Бланк изготовлен из графита, позволяя удилищу гасить рывки крупных рыб. Лайтовое удилище обладает средним строем, за счет чего рыболов легко сможет доставлять объемные приманки к осторожной рыбе. За счет телескопической конструкции, спиннинг занимает мало места при транспортировке, позволяет сложить его в рюкзак. Удилище имеет высококачественные sic-кольца, удобный катушкодержатель и пробковую рукоять. Спиннинг Libao Avenger Tele Spin без труда справится с объемными воблерами и тяжелым джигом.</span></p>";"1130";"spinning-libao-avenger-tele-spin-2-7-m";"spinning-libao-avenger-tele-spin-2-10m.png";"CN42";"-1";"1";"Купить Спиннинг Libao Avenger Tele Spin 2.7 м у нас в интернет-магазине YURAN по низкой цене и доставкой в любые регионы";"Спиннинг Libao Avenger Tele Spin 2.7 м купить, CN42, Спиннинг, Libao, Avenger, Tele, Spin, 2.7 м";"Libao Avenger Tele Spin - недорогое спиннинговое телескопическое удилище. Бланк изготовлен из графита, позволяя удилищу гасить рывки крупных рыб.";;"0";"0";"33";0,15;"";1;;RUR;"Характеристики=[type=textarea value=<table border=""1"" cellpadding=""5"" cellspacing=""1"" style=""width: 100%;""><br/>	<thead><br/>		<tr><br/>			<th scope=""col""><br/>				<span style=""font-size:18px;"">Производитель</span><br/>			</th><br/>			<th scope=""col""><br/>				<span style=""font-size:18px;"">Длина</span><br/>			</th><br/>			<th scope=""col""><br/>				<span style=""font-size:18px;"">Количество колен</span><br/>			</th><br/>			<th scope=""col""><br/>				<span style=""font-size:18px;"">Тест</span><br/>			</th><br/>			<th scope=""col""><br/>				<span style=""font-size:18px;"">Материал</span><br/>			</th><br/>			<th scope=""col""><br/>				<span style=""font-size:18px;"">Конструкция</span><br/>			</th><br/>		</tr><br/>	</thead><br/>	<tbody><br/>		<tr><br/>			<td style=""text-align: center;""><br/>				<span style=""font-size:18px;"">Libao</span><br/>			</td><br/>			<td style=""text-align: center;""><br/>				<span style=""font-size:18px;"">2.7 м</span><br/>			</td><br/>			<td style=""text-align: center;""><br/>				<span style=""font-size: 18px; line-height: 28.8px;"">6</span><br/>			</td><br/>			<td style=""text-align: center;""><br/>				<span style=""font-size:18px;"">10 - 30 гр</span><br/>			</td><br/>			<td style=""text-align: center;""><br/>				<span style=""font-size:18px;"">Карбон (углепластик)</span><br/>			</td><br/>			<td style=""text-align: center;""><br/>				<span style=""font-size:18px;"">Телескопическая</span><br/>			</td><br/>		</tr><br/>	</tbody><br/></table><br/> product_margin=]&Бренд=[type=assortmentCheckBox value=LIBAO product_margin=OKUMA|LINE WINDER|TRABUCCO|MIKADO|G-STONE|GLOBE|LIBAO]";42;
"Удилища/Спиннинговые";"fishing-rods/spinning";"Спиннинг Libao Avenger Tele Spin 2.4 м";;"<p>	<span style=""font-size: 13px; line-height: 1.6; color: rgb(51, 51, 51); background-color: rgb(255, 255, 255);""><strong>Libao Avenger Tele Spin</strong> - недорогое спиннинговое телескопическое удилище. Бланк изготовлен из графита, позволяя удилищу гасить рывки крупных рыб. Лайтовое удилище обладает средним строем, за счет чего рыболов легко сможет доставлять объемные приманки к осторожной рыбе. За счет телескопической конструкции, спиннинг занимает мало места при транспортировке, позволяет сложить его в рюкзак. Удилище имеет высококачественные sic-кольца, удобный катушкодержатель и пробковую рукоять. Спиннинг Libao Avenger Tele Spin без труда справится с объемными воблерами и тяжелым джигом.</span></p>";"1030";"spinning-libao-avenger-tele-spin-2-4-m";"spinning-libao-avenger-tele-spin-2-10m.png";"CN28";"-1";"1";"Купить Спиннинг Libao Avenger Tele Spin 2.4 м у нас в интернет-магазине YURAN по низкой цене и доставкой в любые регионы";"Спиннинг Libao Avenger Tele Spin 2.4 м купить, CN28, Спиннинг, Libao, Avenger, Tele, Spin, 2.4 м";"Libao Avenger Tele Spin - недорогое спиннинговое телескопическое удилище. Бланк изготовлен из графита, позволяя удилищу гасить рывки крупных рыб.";;"0";"0";"32";0,15;"";1;;RUR;"Характеристики=[type=textarea value=<table border=""1"" cellpadding=""5"" cellspacing=""1"" style=""width: 100%;""><br/>	<thead><br/>		<tr><br/>			<th scope=""col""><br/>				<span style=""font-size:18px;"">Производитель</span><br/>			</th><br/>			<th scope=""col""><br/>				<span style=""font-size:18px;"">Длина</span><br/>			</th><br/>			<th scope=""col""><br/>				<span style=""font-size:18px;"">Количество колен</span><br/>			</th><br/>			<th scope=""col""><br/>				<span style=""font-size:18px;"">Тест</span><br/>			</th><br/>			<th scope=""col""><br/>				<span style=""font-size:18px;"">Материал</span><br/>			</th><br/>			<th scope=""col""><br/>				<span style=""font-size:18px;"">Конструкция</span><br/>			</th><br/>		</tr><br/>	</thead><br/>	<tbody><br/>		<tr><br/>			<td style=""text-align: center;""><br/>				<span style=""font-size:18px;"">Libao</span><br/>			</td><br/>			<td style=""text-align: center;""><br/>				<span style=""font-size:18px;"">2.1 м</span><br/>			</td><br/>			<td style=""text-align: center;""><br/>				<span style=""font-size:18px;"">5</span><br/>			</td><br/>			<td style=""text-align: center;""><br/>				<span style=""font-size:18px;"">10 - 30 гр</span><br/>			</td><br/>			<td style=""text-align: center;""><br/>				<span style=""font-size:18px;"">Карбон (углепластик)</span><br/>			</td><br/>			<td style=""text-align: center;""><br/>				<span style=""font-size:18px;"">Телескопическая</span><br/>			</td><br/>		</tr><br/>	</tbody><br/></table><br/> product_margin=]&Бренд=[type=assortmentCheckBox value=LIBAO product_margin=OKUMA|LINE WINDER|TRABUCCO|MIKADO|G-STONE|GLOBE|LIBAO]";28;
"Удилища/Спиннинговые";"fishing-rods/spinning";"Спиннинг Libao Avenger Tele Spin 2.1 м";;"<p>	<span style=""font-size: 13px; line-height: 1.6; color: rgb(51, 51, 51); background-color: rgb(255, 255, 255);""><strong>Libao Avenger Tele Spin</strong> - недорогое спиннинговое телескопическое удилище. Бланк изготовлен из графита, позволяя удилищу гасить рывки крупных рыб. Лайтовое удилище обладает средним строем, за счет чего рыболов легко сможет доставлять объемные приманки к осторожной рыбе. За счет телескопической конструкции, спиннинг занимает мало места при транспортировке, позволяет сложить его в рюкзак. Удилище имеет высококачественные sic-кольца, удобный катушкодержатель и пробковую рукоять. Спиннинг Libao Avenger Tele Spin без труда справится с объемными воблерами и тяжелым джигом.</span></p>";"930";"spinning-libao-avenger-tele-spin-2-1-m";"spinning-libao-avenger-tele-spin-2-10m.png";"CN41";"-1";"1";"Купить Спиннинг Libao Avenger Tele Spin 2.1 м у нас в интернет-магазине YURAN по низкой цене и доставкой в любые регионы";"Спиннинг Libao Avenger Tele Spin 2.1 м купить, CN41, Спиннинг, Libao, Avenger, Tele, Spin, 2.1 м";"Libao Avenger Tele Spin - недорогое спиннинговое телескопическое удилище. Бланк изготовлен из графита, позволяя удилищу гасить рывки крупных рыб.";;"0";"0";"31";0,15;"";1;;RUR;"Характеристики=[type=textarea value=<table border=""1"" cellpadding=""5"" cellspacing=""1"" style=""width: 100%;""><br/>	<thead><br/>		<tr><br/>			<th scope=""col""><br/>				<span style=""font-size:18px;"">Производитель</span><br/>			</th><br/>			<th scope=""col""><br/>				<span style=""font-size:18px;"">Длина</span><br/>			</th><br/>			<th scope=""col""><br/>				<span style=""font-size:18px;"">Количество колен</span><br/>			</th><br/>			<th scope=""col""><br/>				<span style=""font-size:18px;"">Тест</span><br/>			</th><br/>			<th scope=""col""><br/>				<span style=""font-size:18px;"">Материал</span><br/>			</th><br/>			<th scope=""col""><br/>				<span style=""font-size:18px;"">Конструкция</span><br/>			</th><br/>		</tr><br/>	</thead><br/>	<tbody><br/>		<tr><br/>			<td style=""text-align: center;""><br/>				<span style=""font-size:18px;"">Libao</span><br/>			</td><br/>			<td style=""text-align: center;""><br/>				<span style=""font-size:18px;"">2.1 м</span><br/>			</td><br/>			<td style=""text-align: center;""><br/>				<span style=""font-size:18px;"">5</span><br/>			</td><br/>			<td style=""text-align: center;""><br/>				<span style=""font-size:18px;"">10 - 30 гр</span><br/>			</td><br/>			<td style=""text-align: center;""><br/>				<span style=""font-size:18px;"">Карбон (углепластик)</span><br/>			</td><br/>			<td style=""text-align: center;""><br/>				<span style=""font-size:18px;"">Телескопическая</span><br/>			</td><br/>		</tr><br/>	</tbody><br/></table><br/> product_margin=]&Бренд=[type=assortmentCheckBox value=LIBAO product_margin=OKUMA|LINE WINDER|TRABUCCO|MIKADO|G-STONE|GLOBE|LIBAO]";41;
"Удилища/Спиннинговые";"fishing-rods/spinning";"Спиннинг Globe Spin Master 2.7 м";;"<strong>Производитель</strong>: Globe<br /><strong>Материал</strong>: Карбон<br /><strong>Тест</strong>: 10 - 30 гр<br /><strong>Длина</strong>: 2709 см<br /><strong>Кольца</strong>: есть, SIC";"880";"spinning-globe-spin-master-2-7-m";"spinning-carbon-globe-spin-master-2-7m.jpg";"CN27";"-1";"1";"Купить Спиннинг Globe Spin Master 2.7 м у нас в интернет-магазине YURAN по низкой цене и доставкой в любые регионы";"Спиннинг Globe Spin Master 2.7 м купить, CN27, Спиннинг, Globe, Spin, Master, 2.7 м";"Производитель: Globe Материал: Карбон Тест: 10 - 30 гр Длина: 2709 см Кольца: есть, SIC";;"0";"0";"30";0;"";1;;RUR;"Характеристики=[type=textarea value= product_margin=]&Бренд=[type=assortmentCheckBox value=GLOBE product_margin=OKUMA|LINE WINDER|TRABUCCO|MIKADO|G-STONE|GLOBE|LIBAO]";27;
"Удилища/Спиннинговые";"fishing-rods/spinning";"Спиннинг Globe Spin Master 2.4 м";;"<strong>Производитель</strong>: Globe<br /><strong>Материал</strong>: Карбон<br /><strong>Тест</strong>: 10 - 30 гр<br /><strong>Длина</strong>: 2408 см<br /><strong>Кольца</strong>: есть, SIC";"800";"spinning-globe-spin-master-2-4-m";"spinning-carbon-globe-spin-master-2-4m.jpg";"CN26";"-1";"1";"Купить Спиннинг Globe Spin Master 2.4 м у нас в интернет-магазине YURAN по низкой цене и доставкой в любые регионы";"Спиннинг Globe Spin Master 2.4 м купить, CN26, Спиннинг, Globe, Spin, Master, 2.4 м";"Производитель: Globe Материал: Карбон Тест: 10 - 30 гр Длина: 2408 см Кольца: есть, SIC";;"0";"0";"29";0;"";1;;RUR;"Характеристики=[type=textarea value= product_margin=]&Бренд=[type=assortmentCheckBox value=GLOBE product_margin=OKUMA|LINE WINDER|TRABUCCO|MIKADO|G-STONE|GLOBE|LIBAO]";26;
"Удилища/Спиннинговые";"fishing-rods/spinning";"Спиннинг Globe Spin Master 2.1 м";;"<strong>Производитель</strong>: Globe<br /><strong>Материал</strong>: Карбон<br /><strong>Тест</strong>: 10 - 30 гр<br /><strong>Длина</strong>: 2107 см<br /><strong>Кольца</strong>: есть, SIC";"750";"spinning-globe-spin-master-2-1-m";"spinning-carbon-globe-spin-master-2-1m.jpg";"CN25";"-1";"1";"Купить Спиннинг Globe Spin Master 2.1 м у нас в интернет-магазине YURAN по низкой цене и доставкой в любые регионы";"Спиннинг Globe Spin Master 2.1 м купить, CN25, Спиннинг, Globe, Spin, Master, 2.1 м";"Производитель: Globe Материал: Карбон Тест: 10 - 30 гр Длина: 2107 см Кольца: есть, SIC";;"0";"0";"27";0,12;"";1;;RUR;"Характеристики=[type=textarea value= product_margin=]&Бренд=[type=assortmentCheckBox value=GLOBE product_margin=OKUMA|LINE WINDER|TRABUCCO|MIKADO|G-STONE|GLOBE|LIBAO]";25;
"Катушки/Безынерционные";"bobbins/instantaneous";"Катушка LOTUS 200 1BB";;"<strong>Производитель</strong>: Libao<br /><strong>Комплектация: </strong>без лески<br /><strong>Материал</strong>: карбопласт<br /><strong>Шпуля</strong>: Пластиковая<br /><strong>Количество подшипников</strong>: 1<br /><strong>Длина лески</strong>: 200 м<br /><strong>Диаметр лески</strong>: 0.2 мм";"160";"katushka-lotus-200-1bb";"16.jpg";"CN24";"-1";"1";"Купить Катушка LOTUS 200 1BB у нас в интернет-магазине YURAN по низкой цене и доставкой в любые регионы";"Катушка LOTUS 200 1BB купить, CN24, Катушка, LOTUS, 200 1BB";"Производитель: Libao Комплектация: без лески Материал: карбопласт Шпуля: Пластиковая Количество подшипников: 1 Длина лески: 200 м Диаметр лески: 0.2 мм";;"1";"1";"26";0;"";2;;RUR;"Фрикцион=[type=assortmentCheckBox value=Передний product_margin=Задний|Передний]";24;
"Катушки/Безынерционные";"bobbins/instantaneous";"Катушка Cobra CB 640A";;"<strong>COBRA CB 640А -&nbsp;</strong>катушка, имеющая задний фрикцион. Катушка оборудована алюминиевой шпулей 3000, типа ""LONG CAST"". Вместительность&nbsp; шпули равняется - 0,25/200, 0,3/150, 0,4/100. Катушка оборудована шестью подшипниками. Передаточное число равно 5,1:1.&nbsp;&nbsp; Имеется антиреверс. В комплекте поставляется сменная шпуля из пластика. Катушку можно устанавливать как под праворуких, так и под леворуких рыболовов.&nbsp; Масса катушки составляет 253 грамма.";"290";"katushka-cobra-cb-640a";"no-img.jpg";"CN23";"-1";"1";"Купить Катушка Cobra CB 640A у нас в интернет-магазине YURAN по низкой цене и доставкой в любые регионы";"Катушка Cobra CB 640A купить, CN23, Катушка, Cobra, CB 640A";"COBRA CB 640А -катушка, имеющая задний фрикцион. Катушка оборудована алюминиевой шпулей 3000, типа LONG CAST. Вместительность шпули равняется - 0,25/200, 0,3/150, 0,4/100";;"0";"0";"25";0;"";2;;RUR;"Фрикцион=[type=assortmentCheckBox value=Задний product_margin=Задний|Передний]";23;
"Катушки/Безынерционные";"bobbins/instantaneous";"Катушка Cobra CB 640";;"<strong>COBRA CB 640 -&nbsp;</strong>катушка, имеющая задний фрикцион. Катушка оборудована пластиковой шпулей 3000, типа ""LONG CAST"". Вместительность&nbsp; шпули равняется - 0,25/200, 0,3/150, 0,4/100. Катушка оборудована шестью подшипниками. Передаточное число равно 5,1:1.&nbsp;&nbsp; Имеется антиреверс. В комплекте поставляется сменная шпуля из пластика. Катушку можно устанавливать как под праворуких, так и под леворуких рыболовов.&nbsp; Масса катушки составляет 253 грамма.";"240";"katushka-cobra-cb-640";"no-img.jpg";"CN22";"-1";"1";"Купить Катушка Cobra CB 640 у нас в интернет-магазине YURAN по низкой цене и доставкой в любые регионы";"Катушка Cobra CB 640 купить, CN22, Катушка, Cobra, CB 640";"COBRA CB 640 -катушка, имеющая задний фрикцион. Катушка оборудована алюминиевой шпулей 3000, типа LONG CAST. Вместительность шпули равняется - 0,25/200, 0,3/150, 0,4/100";;"0";"0";"24";0;"";2;;RUR;"Фрикцион=[type=assortmentCheckBox value=Задний product_margin=Задний|Передний]";22;
"Катушки/Безынерционные";"bobbins/instantaneous";"Катушка Cobra CB 540A";;"<strong>COBRA CB 540А -&nbsp;</strong>катушка, имеющая задний фрикцион. Катушка оборудована алюминиевой шпулей 3000, типа ""LONG CAST"". Вместительность&nbsp; шпули равняется - 0,25/200, 0,3/150, 0,4/100. Катушка оборудована пятью подшипниками. Передаточное число равно 5,1:1.&nbsp;&nbsp; Имеется антиреверс. В комплекте поставляется сменная шпуля из пластика. Катушку можно устанавливать как под праворуких, так и под леворуких рыболовов.&nbsp; Масса катушки составляет 253 грамма.";"280";"katushka-cobra-cb-540a";"no-img.jpg";"CN21";"-1";"1";"Купить Катушка Cobra CB 540A у нас в интернет-магазине YURAN по низкой цене и доставкой в любые регионы";"Катушка Cobra CB 540A купить, CN21, Катушка, Cobra, CB 540A";"COBRA CB 540А -катушка, имеющая задний фрикцион. Катушка оборудована алюминиевой шпулей 3000, типа LONG CAST. Вместительность шпули равняется - 0,25/200, 0,3/150, 0,4/100";;"0";"0";"23";0;"";2;;RUR;"Фрикцион=[type=assortmentCheckBox value=Задний product_margin=Задний|Передний]";21;
"Катушки/Безынерционные";"bobbins/instantaneous";"Катушка Cobra CB 540";;"<strong>COBRA CB 540 -&nbsp;</strong>катушка, имеющая задний фрикцион. Катушка оборудована пластиковой шпулей 3000, типа ""LONG CAST"". Вместительность&nbsp; шпули равняется - 0,25/200, 0,3/150, 0,4/100. Катушка оборудована пятью подшипниками. Передаточное число равно 5,1:1.&nbsp;&nbsp; Имеется антиреверс. Катушку можно устанавливать как под праворуких, так и под леворуких рыболовов.&nbsp; Масса катушки составляет 253 грамма.";"230";"katushka-cobra-cb-540";"no-img.jpg";"CN20";"-1";"1";"Купить Катушка Cobra CB 540 у нас в интернет-магазине YURAN по низкой цене и доставкой в любые регионы";"Катушка Cobra CB 540 купить, CN20, Катушка, Cobra, CB 540";"COBRA CB 540 -катушка, имеющая задний фрикцион. Катушка оборудована пластиковой шпулей 3000, типа LONG CAST. Вместительность шпули равняется - 0,25/200, 0,3/150, 0,4/100";;"0";"0";"22";0;"";2;;RUR;"Фрикцион=[type=assortmentCheckBox value=Задний product_margin=Задний|Передний]";20;
"Катушки/Безынерционные";"bobbins/instantaneous";"Катушка Cobra CB 440A";;"<strong>COBRA CB 440А -&nbsp;</strong>катушка, имеющая задний фрикцион. Катушка оборудована алюминиевой шпулей 3000, типа ""LONG CAST"". Вместительность&nbsp; шпули равняется - 0,25/200, 0,3/150, 0,4/100. Катушка оборудована четырьмя подшипниками. Передаточное число равно 5,1:1.&nbsp;&nbsp; Имеется антиреверс. В комплекте поставляется сменная шпуля из пластика. Катушку можно устанавливать как под праворуких, так и под леворуких рыболовов.&nbsp; Масса катушки составляет 253 грамма.";"270";"katushka-cobra-cb-440a";"no-img.jpg";"CN19";"-1";"1";"Купить Катушка Cobra CB 440A у нас в интернет-магазине YURAN по низкой цене и доставкой в любые регионы";"Катушка Cobra CB 440A купить, CN19, Катушка, Cobra, CB 440A";"COBRA CB 440А -катушка, имеющая задний фрикцион. Катушка оборудована алюминиевой шпулей 3000, типа LONG CAST. Вместительность шпули равняется - 0,25/200, 0,3/150, 0,4/100";;"0";"0";"21";0;"";2;;RUR;"Фрикцион=[type=assortmentCheckBox value=Задний product_margin=Задний|Передний]";19;
"Катушки/Безынерционные";"bobbins/instantaneous";"Катушка Cobra CB 440";;"<strong>COBRA CB 440 -&nbsp;</strong>катушка, имеющая задний фрикцион. Катушка оборудована пластиковой шпулей 3000, типа ""LONG CAST"". Вместительность&nbsp; шпули равняется - 0,25/200, 0,3/150, 0,4/100. Катушка оборудована четырьмя подшипниками. Передаточное число равно 5,1:1.&nbsp;&nbsp; Имеется антиреверс. Катушку можно устанавливать как под праворуких, так и под леворуких рыболовов.&nbsp; Масса катушки составляет 253 грамма.";"220";"katushka-cobra-cb-440";"no-img.jpg";"CN18";"-1";"1";"Купить Катушка Cobra CB 440 у нас в интернет-магазине YURAN по низкой цене и доставкой в любые регионы";"Катушка Cobra CB 440 купить, CN18, Катушка, Cobra, CB 440";"COBRA CB 440 -катушка, имеющая задний фрикцион. Катушка оборудована пластиковой шпулей 3000, типа LONG CAST. Вместительность шпули равняется - 0,25/200, 0,3/150, 0,4/100";;"0";"0";"20";0;"";2;;RUR;"Фрикцион=[type=assortmentCheckBox value=Задний product_margin=Задний|Передний]";18;
"Катушки/Безынерционные";"bobbins/instantaneous";"Катушка Cobra CB 340A";;"<strong>COBRA CB 340A -&nbsp;</strong>катушка, имеющая задний фрикцион. Катушка оборудована алюминиевой шпулей 3000, типа ""LONG CAST"". Вместительность&nbsp; шпули равняется - 0,25/200, 0,3/150, 0,4/100. Катушка оборудована тремя подшипниками. Передаточное число равно 5,1:1.&nbsp;&nbsp; Имеется антиреверс. В комплекте поставляется сменная шпуля из пластика. Катушку можно устанавливать как под праворуких, так и под леворуких рыболовов.&nbsp; Масса катушки составляет 256 грамм.";"260";"katushka-cobra-cb-340a";"no-img.jpg";"CN17";"-1";"1";"Купить Катушка Cobra CB 340A у нас в интернет-магазине YURAN по низкой цене и доставкой в любые регионы";"Катушка Cobra CB 340A купить, CN17, Катушка, Cobra, CB 340A";"COBRA CB 340A -катушка, имеющая задний фрикцион. Катушка оборудована алюминиевой шпулей 3000, типа LONG CAST. Вместительность шпули равняется - 0,25/200, 0,3/150, 0,4/100";;"0";"0";"19";0;"";2;;RUR;"Фрикцион=[type=assortmentCheckBox value=Задний product_margin=Задний|Передний]";17;
"Катушки/Безынерционные";"bobbins/instantaneous";"Катушка Cobra CB 340";;"<strong>COBRA CB 340 -&nbsp;</strong>катушка, имеющая задний фрикцион. Катушка оборудована пластиковой шпулей 3000, типа ""LONG CAST"". Вместительность&nbsp; шпули равняется - 0,25/200, 0,3/150, 0,4/100. Катушка оборудована тремя подшипниками. Передаточное число равно 5,1:1.&nbsp;&nbsp; Имеется антиреверс. Катушку можно устанавливать как под праворуких, так и под леворуких рыболовов.&nbsp; Масса катушки составляет 256 грамм.";"210";"katushka-cobra-cb-340";"no-img.jpg";"CN16";"-1";"1";"Купить Катушка Cobra CB 340 у нас в интернет-магазине YURAN по низкой цене и доставкой в любые регионы";"Катушка Cobra  CB 340 купить, CN16, Катушка, Cobra,  CB, 340";"COBRA CB 340 -катушка, имеющая задний фрикцион. Катушка оборудована пластиковой шпулей 3000, типа LONG CAST. Вместительность шпули равняется - 0,25/200, 0,3/150, 0,4/100";;"0";"0";"18";0;"";2;;RUR;"Фрикцион=[type=assortmentCheckBox value=Задний product_margin=Задний|Передний]";16;
"Катушки/Безынерционные";"bobbins/instantaneous";"Катушка Cobra CB 240A";;"<strong>COBRA CB 240А -&nbsp;</strong>катушка, имеющая задний фрикцион. Катушка оборудована алюминиевой шпулей 3000, типа ""LONG CAST"". Вместительность&nbsp; шпули равняется - 0,25/200, 0,3/150, 0,4/100. Катушка оборудована двумя подшипниками. Передаточное число равно 5,1:1.&nbsp;&nbsp; Имеется антиреверс. В комплекте поставляется сменная шпуля из пластика. Катушку можно устанавливать как под праворуких, так и под леворуких рыболовов.&nbsp; Масса катушки составляет 253 грамма.";"250";"katushka-cobra-cb-240a";"no-img.jpg";"CN15";"-1";"1";"Купить Катушка Cobra CB 240A у нас в интернет-магазине YURAN по низкой цене и доставкой в любые регионы";"Катушка Cobra CB 240A купить, CN15, Катушка, Cobra, CB 240A";"COBRA CB 240А -катушка, имеющая задний фрикцион. Катушка оборудована алюминиевой шпулей 3000, типа LONG CAST. Вместительность шпули равняется - 0,25/200, 0,3/150, 0,4/100";;"0";"0";"17";0;"";2;;RUR;"Фрикцион=[type=assortmentCheckBox value=Задний product_margin=Задний|Передний]";15;
"Катушки/Безынерционные";"bobbins/instantaneous";"Катушка Cobra CB 240";;"<strong>COBRA CB 240 -&nbsp;</strong>катушка, имеющая задний фрикцион. Катушка оборудована пластиковой шпулей 3000, типа ""LONG CAST"". Вместительность&nbsp; шпули равняется - 0,25/200, 0,3/150, 0,4/100. Катушка оборудована двумя подшипниками. Передаточное число равно 5,1:1.&nbsp;&nbsp; Имеется антиреверс. Катушку можно устанавливать как под праворуких, так и под леворуких рыболовов.&nbsp; Масса катушки составляет 253 грамма.";"200";"katushka-cobra-cb-240";"no-img.jpg";"CN14";"-1";"1";"Купить Катушка Cobra CB 240 у нас в интернет-магазине YURAN по низкой цене и доставкой в любые регионы";"Катушка Cobra CB 240 купить, CN14, Катушка, Cobra, CB 240";"COBRA CB 240 -катушка, имеющая задний фрикцион. Катушка оборудована пластиковой шпулей 3000, типа LONG CAST. Вместительность шпули равняется - 0,25/200, 0,3/150, 0,4/100";;"0";"0";"16";0;"";2;;RUR;"Фрикцион=[type=assortmentCheckBox value=Задний product_margin=Задний|Передний]";14;
"Катушки/Безынерционные";"bobbins/instantaneous";"Катушка Cobra CB 140A";;"<strong>COBRA CB 140А -&nbsp;</strong>катушка, имеющая задний фрикцион. Катушка оборудована алюминиевой шпулей 3000, типа ""LONG CAST"". Вместительность&nbsp; шпули равняется - 0,25/200, 0,3/150, 0,4/100. Катушка оборудована одним подшипником. Передаточное число равно 5,1:1.&nbsp;&nbsp; Имеется антиреверс. Катушку можно устанавливать как под праворуких, так и под леворуких рыболовов. В комплекте поставляется сменная шпуля из пластика. Масса катушки составляет 253 грамма.";"240";"katushka-cobra-cb-140a";"no-img.jpg";"CN13";"-1";"1";"Купить Катушка Cobra CB 140A у нас в интернет-магазине YURAN по низкой цене и доставкой в любые регионы";"Катушка Cobra CB 140A купить, CN13, Катушка, Cobra, CB 140A";"COBRA CB 140А -катушка, имеющая задний фрикцион. Катушка оборудована алюминиевой шпулей 3000, типа LONG CAST. Вместительность шпули равняется - 0,25/200, 0,3/150, 0,4/100";;"0";"0";"15";0;"";2;;RUR;"Фрикцион=[type=assortmentCheckBox value=Задний product_margin=Задний|Передний]";13;
"Катушки/Безынерционные";"bobbins/instantaneous";"Катушка Cobra CB 140";;"<strong>COBRA CB 140 -</strong>&nbsp;катушка, имеющая задний фрикцион. Катушка оборудована пластиковой шпулей 3000, типа ""LONG CAST"". Вместительность&nbsp; шпули равняется - 0,25/200, 0,3/150, 0,4/100. Катушка оборудована одним подшипником. Передаточное число равно 5,1:1.&nbsp;&nbsp; Имеется антиреверс. Катушку можно устанавливать как под праворуких, так и под леворуких рыболовов. Масса катушки составляет 253 грамма.";"190";"katushka-cobra-cb-140";"no-img.jpg";"CN12";"-1";"1";"Купить Катушка Cobra CB 140 у нас в интернет-магазине YURAN по низкой цене и доставкой в любые регионы";"Катушка Cobra CB 140 купить, CN12, Катушка, Cobra, CB 140";"COBRA CB 140 -катушка, имеющая задний фрикцион. Катушка оборудована пластиковой шпулей 3000, типа LONG CAST. Вместительность шпули равняется - 0,25/200, 0,3/150, 0,4/100";;"0";"0";"14";0;"";2;;RUR;"Фрикцион=[type=assortmentCheckBox value=Задний product_margin=Задний|Передний]";12;
"Удилища/Болонские";"fishing-rods/bolognese";"Удочка б/к Libao WOLF 6006";;"";"350";"udochka-b-k-libao-wolf-6006";"no-img.jpg";"CN11";"-1";"1";"Купить Удочка б/к Libao WOLF 6006 у нас в интернет-магазине YURAN по низкой цене и доставкой в любые регионы";"Удочка б/к Libao WOLF 6006 купить, CN11, Удочка, б/к Libao, WOLF, 6006";"";;"0";"0";"13";0;"";1;;RUR;"Характеристики=[type=textarea value= product_margin=]&Бренд=[type=assortmentCheckBox value=LIBAO product_margin=OKUMA|LINE WINDER|TRABUCCO|MIKADO|G-STONE|GLOBE|LIBAO]";11;
"Удилища/Болонские";"fishing-rods/bolognese";"Удочка б/к Libao WOLF 5005";;"";"290";"udochka-b-k-libao-wolf-5005";"no-img.jpg";"CN10";"-1";"1";"Купить Удочка б/к Libao WOLF 5005 у нас в интернет-магазине YURAN по низкой цене и доставкой в любые регионы";"Удочка б/к Libao WOLF 5005 купить, CN10, Удочка, б/к Libao, WOLF, 5005";"";;"0";"0";"12";0;"";1;;RUR;"Характеристики=[type=textarea value= product_margin=]&Бренд=[type=assortmentCheckBox value=LIBAO product_margin=OKUMA|LINE WINDER|TRABUCCO|MIKADO|G-STONE|GLOBE|LIBAO]";10;
"Удилища/Болонские";"fishing-rods/bolognese";"Удочка б/к Libao WOLF 4004";;"";"250";"udochka-b-k-libao-wolf-4004";"no-img.jpg";"CN9";"-1";"1";"Купить Удочка б/к Libao WOLF 4004 у нас в интернет-магазине YURAN по низкой цене и доставкой в любые регионы";"Удочка б/к Libao WOLF 4004 купить, CN9, Удочка, б/к Libao, WOLF, 4004";"";;"0";"0";"11";0;"";1;;RUR;"Характеристики=[type=textarea value= product_margin=]&Бренд=[type=assortmentCheckBox value=LIBAO product_margin=OKUMA|LINE WINDER|TRABUCCO|MIKADO|G-STONE|GLOBE|LIBAO]";9;
"Удилища/Болонские";"fishing-rods/bolognese";"Удочка Libao WOLF SNOW 6 метров";;"";"480";"udochka-libao-wolf-snow-6-metrov";"no-img.jpg";"CN8";"-1";"1";"Купить Удочка Libao WOLF SNOW 6 метров у нас в интернет-магазине YURAN по низкой цене и доставкой в любые регионы";"Удочка Libao WOLF SNOW 6 метров купить, CN8, Удочка, Libao, WOLF, SNOW, 6 метров";"";;"0";"0";"10";0;"";1;;RUR;"Характеристики=[type=textarea value= product_margin=]&Бренд=[type=assortmentCheckBox value=LIBAO product_margin=OKUMA|LINE WINDER|TRABUCCO|MIKADO|G-STONE|GLOBE|LIBAO]";8;
"Удилища/Болонские";"fishing-rods/bolognese";"Удочка Libao WOLF SNOW 5 метров";;"";"390";"udochka-libao-wolf-snow-5-metrov";"no-img.jpg";"CN7";"-1";"1";"Купить Удочка Libao WOLF SNOW 5 метров у нас в интернет-магазине YURAN по низкой цене и доставкой в любые регионы";"Удочка Libao WOLF SNOW 5 метров купить, CN7, Удочка, Libao, WOLF, SNOW, 5 метров";"";;"0";"0";"9";0;"";1;;RUR;"Характеристики=[type=textarea value= product_margin=]&Бренд=[type=assortmentCheckBox value=LIBAO product_margin=OKUMA|LINE WINDER|TRABUCCO|MIKADO|G-STONE|GLOBE|LIBAO]";7;
"Удилища/Болонские";"fishing-rods/bolognese";"Удочка Libao WOLF SNOW 4 метра";;"";"310";"udochka-libao-wolf-snow-4-metra";"no-img.jpg";"CN6";"-1";"1";"Купить Удочка Libao WOLF SNOW 4 метра у нас в интернет-магазине YURAN по низкой цене и доставкой в любые регионы";"Удочка Libao WOLF SNOW 4 метра купить, CN6, Удочка, Libao, WOLF, SNOW, 4 метра";"";;"0";"0";"8";0;"";1;;RUR;"Характеристики=[type=textarea value= product_margin=]&Бренд=[type=assortmentCheckBox value=LIBAO product_margin=OKUMA|LINE WINDER|TRABUCCO|MIKADO|G-STONE|GLOBE|LIBAO]";6;
"Удилища/Болонские";"fishing-rods/bolognese";"Удочка с/к Libao WOLF 7007";;"";"490";"udochka-s-k-libao-wolf-7007";"no-img.jpg";"CN5";"-1";"1";"Купить Удочка с/к Libao WOLF 7007 у нас в интернет-магазине YURAN по низкой цене и доставкой в любые регионы";"Удочка с/к Libao WOLF 7007 купить, CN5, Удочка, с/к Libao, WOLF, 7007";"";;"0";"0";"7";0;"";1;;RUR;"Характеристики=[type=textarea value= product_margin=]&Бренд=[type=assortmentCheckBox value=LIBAO product_margin=OKUMA|LINE WINDER|TRABUCCO|MIKADO|G-STONE|GLOBE|LIBAO]";5;
"Удилища/Болонские";"fishing-rods/bolognese";"Удочка с/к Libao WOLF 6006";;"";"390";"udochka-s-k-libao-wolf-6006";"no-img.jpg";"CN4";"-1";"1";"Купить Удочка с/к Libao WOLF 6006 у нас в интернет-магазине YURAN по низкой цене и доставкой в любые регионы";"Удочка с/к Libao WOLF 6006 купить, CN4, Удочка, с/к Libao, WOLF, 6006";"";;"0";"0";"6";0;"";1;;RUR;"Характеристики=[type=textarea value= product_margin=]&Бренд=[type=assortmentCheckBox value=LIBAO product_margin=OKUMA|LINE WINDER|TRABUCCO|MIKADO|G-STONE|GLOBE|LIBAO]";4;
"Удилища/Болонские";"fishing-rods/bolognese";"Удочка с/к Libao WOLF 5005";;"";"350";"udochka-s-k-libao-wolf-5005";"no-img.jpg";"CN3";"-1";"1";"Купить Удочка с/к Libao WOLF 5005 у нас в интернет-магазине YURAN по низкой цене и доставкой в любые регионы";"Удочка с/к Libao WOLF 5005 купить, CN3, Удочка, с/к Libao, WOLF, 5005";"";;"0";"0";"5";0;"";1;;RUR;"Характеристики=[type=textarea value= product_margin=]&Бренд=[type=assortmentCheckBox value=LIBAO product_margin=OKUMA|LINE WINDER|TRABUCCO|MIKADO|G-STONE|GLOBE|LIBAO]";3;
"Удилища/Болонские";"fishing-rods/bolognese";"Удочка с/к Libao WOLF 4004";;"";"260";"udochka-s-k-libao-wolf-4004_56";"no-img.jpg";"CN56";"-1";"1";"Купить Удочка с/к Libao WOLF 4004 у нас в интернет-магазине YURAN по низкой цене и доставкой в любые регионы";"Удочка с/к Libao WOLF 4004 купить, CN2, Удочка, с/к Libao, WOLF, 4004";"";;"0";"0";"3";0;"";1;;RUR;"Характеристики=[type=textarea value= product_margin=]&Бренд=[type=assortmentCheckBox value=LIBAO product_margin=OKUMA|LINE WINDER|TRABUCCO|MIKADO|G-STONE|GLOBE|LIBAO]";56;
"Удилища/Болонские";"fishing-rods/bolognese";"Удочка с/к Libao WOLF 3003";;"";"210";"udochka-s-k-libao-wolf-3003";"no-img.jpg";"CN55";"-1";"1";"Купить Удочка с/к Libao WOLF 3003 у нас в интернет-магазине YURAN по низкой цене и доставкой в любые регионы";"Удочка с/к Libao WOLF 3003 купить, CN1, Удочка, с/к Libao, WOLF, 3003";"";;"0";"0";"1";0;"";1;;RUR;"Характеристики=[type=textarea value= product_margin=]&Бренд=[type=assortmentCheckBox value=LIBAO product_margin=OKUMA|LINE WINDER|TRABUCCO|MIKADO|G-STONE|GLOBE|LIBAO]";55;
